{"v":"5.6.5","fr":60,"ip":0,"op":68,"w":2000,"h":2000,"nm":"Selecrt","ddd":0,"assets":[{"id":"comp_0","layers":[{"ddd":0,"ind":1,"ty":4,"nm":"Layer 3 Outlines","sr":1,"ks":{"o":{"a":1,"k":[{"i":{"x":[0.49],"y":[1]},"o":{"x":[0.51],"y":[0]},"t":0,"s":[0]},{"i":{"x":[0.833],"y":[1]},"o":{"x":[0.167],"y":[0]},"t":38,"s":[100]},{"t":59,"s":[0]}],"ix":11},"r":{"a":0,"k":0,"ix":10},"p":{"a":0,"k":[999.621,1031.425,0],"ix":2},"a":{"a":0,"k":[129.314,101.225,0],"ix":1},"s":{"a":1,"k":[{"i":{"x":[0.49,0.49,0.49],"y":[1,1,1]},"o":{"x":[0.51,0.51,0.51],"y":[0,0,0]},"t":0,"s":[0,0,100]},{"i":{"x":[0.49,0.49,0.49],"y":[1,1,1]},"o":{"x":[0.167,0.167,0.167],"y":[0,0,0]},"t":38,"s":[100,100,100]},{"i":{"x":[0.628,0.628,0.628],"y":[0.482,0.482,-23.676]},"o":{"x":[0.158,0.158,0.158],"y":[0,0,0]},"t":46,"s":[80,80,100]},{"i":{"x":[0.814,0.814,0.814],"y":[1,1,1]},"o":{"x":[0.437,0.437,0.437],"y":[0.541,0.541,12.886]},"t":55,"s":[120,120,100]},{"t":59,"s":[140,140,100]}],"ix":6}},"ao":0,"shapes":[{"ty":"gr","it":[{"ind":0,"ty":"sh","ix":1,"ks":{"a":0,"k":{"i":[[38.549,1.878],[0.746,-34.544],[0.001,0.075],[35.099,-1.71],[-6.769,-37.995],[-24.794,-12.408],[-4.706,2.355],[-11.384,63.903]],"o":[[-35.098,-1.71],[-0.001,0.075],[-0.745,-34.545],[-38.549,1.878],[11.384,63.903],[4.705,2.355],[24.793,-12.408],[6.77,-37.995]],"v":[[64.931,-99.266],[0.014,-38.863],[-0.014,-38.863],[-64.931,-99.266],[-122.295,-21.688],[-7.469,98.62],[7.469,98.62],[122.294,-21.688]],"c":true},"ix":2},"nm":"Path 1","mn":"ADBE Vector Shape - Group","hd":false},{"ty":"fl","c":{"a":0,"k":[0.937254961799,0.427451010311,0.400000029919,1],"ix":4},"o":{"a":0,"k":100,"ix":5},"r":1,"bm":0,"nm":"Fill 1","mn":"ADBE Vector Graphic - Fill","hd":false},{"ty":"tr","p":{"a":0,"k":[129.314,101.226],"ix":2},"a":{"a":0,"k":[0,0],"ix":1},"s":{"a":0,"k":[100,100],"ix":3},"r":{"a":0,"k":0,"ix":6},"o":{"a":0,"k":100,"ix":7},"sk":{"a":0,"k":0,"ix":4},"sa":{"a":0,"k":0,"ix":5},"nm":"Transform"}],"nm":"Group 1","np":2,"cix":2,"bm":0,"ix":1,"mn":"ADBE Vector Group","hd":false}],"ip":0,"op":240,"st":0,"bm":0},{"ddd":0,"ind":2,"ty":4,"nm":"Layer 1 Outlines 2","sr":1,"ks":{"o":{"a":1,"k":[{"i":{"x":[0.49],"y":[1]},"o":{"x":[0.51],"y":[0]},"t":59,"s":[100]},{"t":67,"s":[0]}],"ix":11},"r":{"a":1,"k":[{"i":{"x":[0.49],"y":[1]},"o":{"x":[0.51],"y":[0]},"t":38,"s":[0]},{"t":67,"s":[34]}],"ix":10},"p":{"a":1,"k":[{"i":{"x":0.49,"y":1},"o":{"x":0.51,"y":0},"t":38,"s":[1311.93,1239.011,0],"to":[-148,-152.667,0],"ti":[-152,224.667,0]},{"t":67,"s":[1311.93,719.011,0]}],"ix":2},"a":{"a":0,"k":[610.646,440.718,0],"ix":1},"s":{"a":1,"k":[{"i":{"x":[0.49,0.49,0.49],"y":[1,1,1]},"o":{"x":[0.51,0.51,0.51],"y":[0,0,0]},"t":38,"s":[100,100,100]},{"t":67,"s":[40,40,100]}],"ix":6}},"ao":0,"shapes":[{"ty":"gr","it":[{"ind":0,"ty":"sh","ix":1,"ks":{"a":0,"k":{"i":[[-24.439,0],[0,-24.438],[24.438,0],[0,24.439]],"o":[[24.438,0],[0,24.439],[-24.439,0],[0,-24.438]],"v":[[0.001,-44.251],[44.251,-0.001],[0.001,44.251],[-44.251,-0.001]],"c":true},"ix":2},"nm":"Path 1","mn":"ADBE Vector Shape - Group","hd":false},{"ty":"fl","c":{"a":0,"k":[0.063000002094,0.545000023935,0.528999956916,1],"ix":4},"o":{"a":0,"k":100,"ix":5},"r":1,"bm":0,"nm":"Fill 1","mn":"ADBE Vector Graphic - Fill","hd":false},{"ty":"tr","p":{"a":0,"k":[450.535,134.758],"ix":2},"a":{"a":0,"k":[0,0],"ix":1},"s":{"a":0,"k":[100,100],"ix":3},"r":{"a":0,"k":0,"ix":6},"o":{"a":0,"k":100,"ix":7},"sk":{"a":0,"k":0,"ix":4},"sa":{"a":0,"k":0,"ix":5},"nm":"Transform"}],"nm":"Group 1","np":2,"cix":2,"bm":0,"ix":1,"mn":"ADBE Vector Group","hd":false},{"ty":"gr","it":[{"ind":0,"ty":"sh","ix":1,"ks":{"a":0,"k":{"i":[[0,0],[3.725,-3.723],[0,0],[12.289,0],[0,10.609],[0,0],[-17.679,0]],"o":[[0,0],[-1.383,1.383],[-8.625,8.753],[10.608,0],[0,0],[0,-17.681],[0,0]],"v":[[80.282,-72.566],[75.611,-66.163],[-47.592,58.882],[-80.282,72.566],[-61.073,53.356],[-61.073,-40.551],[-29.06,-72.566]],"c":true},"ix":2},"nm":"Path 1","mn":"ADBE Vector Shape - Group","hd":false},{"ty":"fl","c":{"a":0,"k":[1,0.944999964097,0.898000021542,1],"ix":4},"o":{"a":0,"k":100,"ix":5},"r":1,"bm":0,"nm":"Fill 1","mn":"ADBE Vector Graphic - Fill","hd":false},{"ty":"tr","p":{"a":0,"k":[528.724,368.153],"ix":2},"a":{"a":0,"k":[0,0],"ix":1},"s":{"a":0,"k":[100,100],"ix":3},"r":{"a":0,"k":0,"ix":6},"o":{"a":0,"k":100,"ix":7},"sk":{"a":0,"k":0,"ix":4},"sa":{"a":0,"k":0,"ix":5},"nm":"Transform"}],"nm":"Group 2","np":2,"cix":2,"bm":0,"ix":2,"mn":"ADBE Vector Group","hd":false},{"ty":"gr","it":[{"ind":0,"ty":"sh","ix":1,"ks":{"a":0,"k":{"i":[[0,0],[0,0],[0,13.504],[0,0],[0,0],[-11.663,-15.435],[0,0],[0,0]],"o":[[0,0],[-12.909,-2.089],[0,0],[0,0],[11.663,-15.433],[0,0],[0,0],[0,0]],"v":[[162.197,119.207],[-139.415,118.855],[-162.197,92.059],[-162.197,40.97],[-52.815,-103.775],[-6.303,-103.773],[78.879,8.954],[162.06,119.025]],"c":true},"ix":2},"nm":"Path 1","mn":"ADBE Vector Shape - Group","hd":false},{"ty":"fl","c":{"a":0,"k":[1,0.773000021542,0.681999954523,1],"ix":4},"o":{"a":0,"k":100,"ix":5},"r":1,"bm":0,"nm":"Fill 1","mn":"ADBE Vector Graphic - Fill","hd":false},{"ty":"tr","p":{"a":0,"k":[208.868,288.016],"ix":2},"a":{"a":0,"k":[0,0],"ix":1},"s":{"a":0,"k":[100,100],"ix":3},"r":{"a":0,"k":0,"ix":6},"o":{"a":0,"k":100,"ix":7},"sk":{"a":0,"k":0,"ix":4},"sa":{"a":0,"k":0,"ix":5},"nm":"Transform"}],"nm":"Group 3","np":2,"cix":2,"bm":0,"ix":3,"mn":"ADBE Vector Group","hd":false},{"ty":"gr","it":[{"ind":0,"ty":"sh","ix":1,"ks":{"a":0,"k":{"i":[[0,0],[11.147,-10.226],[0,0],[0,0],[0,0],[-17.549,17.793]],"o":[[-11.146,-10.226],[0,0],[0,0],[0,0],[13.307,-13.505],[0,0]],"v":[[-13.158,-85.984],[-52.567,-85.984],[-131.075,-13.965],[-47.894,96.104],[81.907,96.21],[131.075,46.327]],"c":true},"ix":2},"nm":"Path 1","mn":"ADBE Vector Shape - Group","hd":false},{"ty":"fl","c":{"a":0,"k":[0.991999966491,0.651000019148,0.517999985639,1],"ix":4},"o":{"a":0,"k":100,"ix":5},"r":1,"bm":0,"nm":"Fill 1","mn":"ADBE Vector Graphic - Fill","hd":false},{"ty":"tr","p":{"a":0,"k":[418.82,310.935],"ix":2},"a":{"a":0,"k":[0,0],"ix":1},"s":{"a":0,"k":[100,100],"ix":3},"r":{"a":0,"k":0,"ix":6},"o":{"a":0,"k":100,"ix":7},"sk":{"a":0,"k":0,"ix":4},"sa":{"a":0,"k":0,"ix":5},"nm":"Transform"}],"nm":"Group 4","np":2,"cix":2,"bm":0,"ix":4,"mn":"ADBE Vector Group","hd":false},{"ty":"gr","it":[{"ind":0,"ty":"sh","ix":1,"ks":{"a":0,"k":{"i":[[0,-14.986],[0,0],[17.014,-17.276],[0,0],[0,14.987],[0,0],[-14.986,0],[0,0]],"o":[[0,0],[-21.318,21.639],[0,0],[-14.986,0],[0,0],[0,-14.986],[0,0],[14.986,0]],"v":[[258.777,-159.596],[258.777,122.224],[195.204,186.743],[-231.63,186.743],[-258.777,159.595],[-258.777,-159.596],[-231.63,-186.743],[231.63,-186.743]],"c":true},"ix":2},"nm":"Path 1","mn":"ADBE Vector Shape - Group","hd":false},{"ty":"fl","c":{"a":0,"k":[1,0.944999964097,0.898000021542,1],"ix":4},"o":{"a":0,"k":100,"ix":5},"r":1,"bm":0,"nm":"Fill 1","mn":"ADBE Vector Graphic - Fill","hd":false},{"ty":"tr","p":{"a":0,"k":[305.448,220.482],"ix":2},"a":{"a":0,"k":[0,0],"ix":1},"s":{"a":0,"k":[100,100],"ix":3},"r":{"a":0,"k":0,"ix":6},"o":{"a":0,"k":100,"ix":7},"sk":{"a":0,"k":0,"ix":4},"sa":{"a":0,"k":0,"ix":5},"nm":"Transform"}],"nm":"Group 5","np":2,"cix":2,"bm":0,"ix":5,"mn":"ADBE Vector Group","hd":false},{"ty":"gr","it":[{"ind":0,"ty":"sh","ix":1,"ks":{"a":0,"k":{"i":[[11.62,0],[0,0],[0,17.68],[0,0],[-17.679,0],[0,0],[0,-17.679],[0,0],[3.437,-3.488],[0,0]],"o":[[0,0],[-17.681,0],[0,0],[0,-17.681],[0,0],[17.681,0],[0,0],[0,4.899],[0,0],[-8.156,8.277]],"v":[[144.04,220.233],[-273.184,220.233],[-305.198,188.219],[-305.198,-188.219],[-273.184,-220.233],[273.184,-220.233],[305.198,-188.219],[305.198,67.459],[299.832,80.549],[174.951,207.295]],"c":true},"ix":2},"nm":"Path 1","mn":"ADBE Vector Shape - Group","hd":false},{"ty":"fl","c":{"a":0,"k":[1,0.773000021542,0.681999954523,1],"ix":4},"o":{"a":0,"k":100,"ix":5},"r":1,"bm":0,"nm":"Fill 1","mn":"ADBE Vector Graphic - Fill","hd":false},{"ty":"tr","p":{"a":0,"k":[305.448,220.483],"ix":2},"a":{"a":0,"k":[0,0],"ix":1},"s":{"a":0,"k":[100,100],"ix":3},"r":{"a":0,"k":0,"ix":6},"o":{"a":0,"k":100,"ix":7},"sk":{"a":0,"k":0,"ix":4},"sa":{"a":0,"k":0,"ix":5},"nm":"Transform"}],"nm":"Group 6","np":2,"cix":2,"bm":0,"ix":6,"mn":"ADBE Vector Group","hd":false},{"ty":"gr","it":[{"ind":0,"ty":"sh","ix":1,"ks":{"a":0,"k":{"i":[[0,-17.673],[0,0],[17.672,0],[0,0],[0,17.672],[0,0],[-17.672,0],[0,0]],"o":[[0,0],[0,17.672],[0,0],[-17.672,0],[0,0],[0,-17.672],[0,0],[17.672,0]],"v":[[305.198,-188.219],[305.198,188.219],[273.183,220.233],[-273.184,220.233],[-305.198,188.219],[-305.198,-188.219],[-273.184,-220.233],[273.183,-220.233]],"c":true},"ix":2},"nm":"Path 1","mn":"ADBE Vector Shape - Group","hd":false},{"ty":"fl","c":{"a":0,"k":[0.991999966491,0.651000019148,0.517999985639,1],"ix":4},"o":{"a":0,"k":100,"ix":5},"r":1,"bm":0,"nm":"Fill 1","mn":"ADBE Vector Graphic - Fill","hd":false},{"ty":"tr","p":{"a":0,"k":[305.448,220.483],"ix":2},"a":{"a":0,"k":[0,0],"ix":1},"s":{"a":0,"k":[100,100],"ix":3},"r":{"a":0,"k":0,"ix":6},"o":{"a":0,"k":100,"ix":7},"sk":{"a":0,"k":0,"ix":4},"sa":{"a":0,"k":0,"ix":5},"nm":"Transform"}],"nm":"Group 7","np":2,"cix":2,"bm":0,"ix":7,"mn":"ADBE Vector Group","hd":false}],"ip":0,"op":240,"st":0,"bm":0},{"ddd":0,"ind":3,"ty":4,"nm":"Layer 1 Outlines","sr":1,"ks":{"o":{"a":1,"k":[{"i":{"x":[0.49],"y":[1]},"o":{"x":[0.51],"y":[0]},"t":38,"s":[0]},{"t":48,"s":[100]}],"ix":11},"r":{"a":1,"k":[{"i":{"x":[0.49],"y":[1]},"o":{"x":[0.51],"y":[0]},"t":38,"s":[-12]},{"t":48,"s":[0]}],"ix":10},"p":{"a":0,"k":[1004.732,1018.777,0],"ix":2},"a":{"a":0,"k":[305.448,220.484,0],"ix":1},"s":{"a":0,"k":[100,100,100],"ix":6}},"ao":0,"shapes":[{"ty":"gr","it":[{"ind":0,"ty":"sh","ix":1,"ks":{"a":0,"k":{"i":[[-24.439,0],[0,-24.438],[24.438,0],[0,24.439]],"o":[[24.438,0],[0,24.439],[-24.439,0],[0,-24.438]],"v":[[0.001,-44.251],[44.251,-0.001],[0.001,44.251],[-44.251,-0.001]],"c":true},"ix":2},"nm":"Path 1","mn":"ADBE Vector Shape - Group","hd":false},{"ty":"fl","c":{"a":0,"k":[0.063000002094,0.545000023935,0.528999956916,1],"ix":4},"o":{"a":0,"k":100,"ix":5},"r":1,"bm":0,"nm":"Fill 1","mn":"ADBE Vector Graphic - Fill","hd":false},{"ty":"tr","p":{"a":0,"k":[450.535,134.758],"ix":2},"a":{"a":0,"k":[0,0],"ix":1},"s":{"a":0,"k":[100,100],"ix":3},"r":{"a":0,"k":0,"ix":6},"o":{"a":0,"k":100,"ix":7},"sk":{"a":0,"k":0,"ix":4},"sa":{"a":0,"k":0,"ix":5},"nm":"Transform"}],"nm":"Group 1","np":2,"cix":2,"bm":0,"ix":1,"mn":"ADBE Vector Group","hd":false},{"ty":"gr","it":[{"ind":0,"ty":"sh","ix":1,"ks":{"a":0,"k":{"i":[[0,0],[3.725,-3.723],[0,0],[12.289,0],[0,10.609],[0,0],[-17.679,0]],"o":[[0,0],[-1.383,1.383],[-8.625,8.753],[10.608,0],[0,0],[0,-17.681],[0,0]],"v":[[80.282,-72.566],[75.611,-66.163],[-47.592,58.882],[-80.282,72.566],[-61.073,53.356],[-61.073,-40.551],[-29.06,-72.566]],"c":true},"ix":2},"nm":"Path 1","mn":"ADBE Vector Shape - Group","hd":false},{"ty":"fl","c":{"a":0,"k":[1,0.944999964097,0.898000021542,1],"ix":4},"o":{"a":0,"k":100,"ix":5},"r":1,"bm":0,"nm":"Fill 1","mn":"ADBE Vector Graphic - Fill","hd":false},{"ty":"tr","p":{"a":0,"k":[528.724,368.153],"ix":2},"a":{"a":0,"k":[0,0],"ix":1},"s":{"a":0,"k":[100,100],"ix":3},"r":{"a":0,"k":0,"ix":6},"o":{"a":0,"k":100,"ix":7},"sk":{"a":0,"k":0,"ix":4},"sa":{"a":0,"k":0,"ix":5},"nm":"Transform"}],"nm":"Group 2","np":2,"cix":2,"bm":0,"ix":2,"mn":"ADBE Vector Group","hd":false},{"ty":"gr","it":[{"ind":0,"ty":"sh","ix":1,"ks":{"a":0,"k":{"i":[[0,0],[0,0],[0,13.504],[0,0],[0,0],[-11.663,-15.435],[0,0],[0,0]],"o":[[0,0],[-12.909,-2.089],[0,0],[0,0],[11.663,-15.433],[0,0],[0,0],[0,0]],"v":[[162.197,119.207],[-139.415,118.855],[-162.197,92.059],[-162.197,40.97],[-52.815,-103.775],[-6.303,-103.773],[78.879,8.954],[162.06,119.025]],"c":true},"ix":2},"nm":"Path 1","mn":"ADBE Vector Shape - Group","hd":false},{"ty":"fl","c":{"a":0,"k":[1,0.773000021542,0.681999954523,1],"ix":4},"o":{"a":0,"k":100,"ix":5},"r":1,"bm":0,"nm":"Fill 1","mn":"ADBE Vector Graphic - Fill","hd":false},{"ty":"tr","p":{"a":0,"k":[208.868,288.016],"ix":2},"a":{"a":0,"k":[0,0],"ix":1},"s":{"a":0,"k":[100,100],"ix":3},"r":{"a":0,"k":0,"ix":6},"o":{"a":0,"k":100,"ix":7},"sk":{"a":0,"k":0,"ix":4},"sa":{"a":0,"k":0,"ix":5},"nm":"Transform"}],"nm":"Group 3","np":2,"cix":2,"bm":0,"ix":3,"mn":"ADBE Vector Group","hd":false},{"ty":"gr","it":[{"ind":0,"ty":"sh","ix":1,"ks":{"a":0,"k":{"i":[[0,0],[11.147,-10.226],[0,0],[0,0],[0,0],[-17.549,17.793]],"o":[[-11.146,-10.226],[0,0],[0,0],[0,0],[13.307,-13.505],[0,0]],"v":[[-13.158,-85.984],[-52.567,-85.984],[-131.075,-13.965],[-47.894,96.104],[81.907,96.21],[131.075,46.327]],"c":true},"ix":2},"nm":"Path 1","mn":"ADBE Vector Shape - Group","hd":false},{"ty":"fl","c":{"a":0,"k":[0.991999966491,0.651000019148,0.517999985639,1],"ix":4},"o":{"a":0,"k":100,"ix":5},"r":1,"bm":0,"nm":"Fill 1","mn":"ADBE Vector Graphic - Fill","hd":false},{"ty":"tr","p":{"a":0,"k":[418.82,310.935],"ix":2},"a":{"a":0,"k":[0,0],"ix":1},"s":{"a":0,"k":[100,100],"ix":3},"r":{"a":0,"k":0,"ix":6},"o":{"a":0,"k":100,"ix":7},"sk":{"a":0,"k":0,"ix":4},"sa":{"a":0,"k":0,"ix":5},"nm":"Transform"}],"nm":"Group 4","np":2,"cix":2,"bm":0,"ix":4,"mn":"ADBE Vector Group","hd":false},{"ty":"gr","it":[{"ind":0,"ty":"sh","ix":1,"ks":{"a":0,"k":{"i":[[0,-14.986],[0,0],[17.014,-17.276],[0,0],[0,14.987],[0,0],[-14.986,0],[0,0]],"o":[[0,0],[-21.318,21.639],[0,0],[-14.986,0],[0,0],[0,-14.986],[0,0],[14.986,0]],"v":[[258.777,-159.596],[258.777,122.224],[195.204,186.743],[-231.63,186.743],[-258.777,159.595],[-258.777,-159.596],[-231.63,-186.743],[231.63,-186.743]],"c":true},"ix":2},"nm":"Path 1","mn":"ADBE Vector Shape - Group","hd":false},{"ty":"fl","c":{"a":0,"k":[1,0.944999964097,0.898000021542,1],"ix":4},"o":{"a":0,"k":100,"ix":5},"r":1,"bm":0,"nm":"Fill 1","mn":"ADBE Vector Graphic - Fill","hd":false},{"ty":"tr","p":{"a":0,"k":[305.448,220.482],"ix":2},"a":{"a":0,"k":[0,0],"ix":1},"s":{"a":0,"k":[100,100],"ix":3},"r":{"a":0,"k":0,"ix":6},"o":{"a":0,"k":100,"ix":7},"sk":{"a":0,"k":0,"ix":4},"sa":{"a":0,"k":0,"ix":5},"nm":"Transform"}],"nm":"Group 5","np":2,"cix":2,"bm":0,"ix":5,"mn":"ADBE Vector Group","hd":false},{"ty":"gr","it":[{"ind":0,"ty":"sh","ix":1,"ks":{"a":0,"k":{"i":[[11.62,0],[0,0],[0,17.68],[0,0],[-17.679,0],[0,0],[0,-17.679],[0,0],[3.437,-3.488],[0,0]],"o":[[0,0],[-17.681,0],[0,0],[0,-17.681],[0,0],[17.681,0],[0,0],[0,4.899],[0,0],[-8.156,8.277]],"v":[[144.04,220.233],[-273.184,220.233],[-305.198,188.219],[-305.198,-188.219],[-273.184,-220.233],[273.184,-220.233],[305.198,-188.219],[305.198,67.459],[299.832,80.549],[174.951,207.295]],"c":true},"ix":2},"nm":"Path 1","mn":"ADBE Vector Shape - Group","hd":false},{"ty":"fl","c":{"a":0,"k":[1,0.773000021542,0.681999954523,1],"ix":4},"o":{"a":0,"k":100,"ix":5},"r":1,"bm":0,"nm":"Fill 1","mn":"ADBE Vector Graphic - Fill","hd":false},{"ty":"tr","p":{"a":0,"k":[305.448,220.483],"ix":2},"a":{"a":0,"k":[0,0],"ix":1},"s":{"a":0,"k":[100,100],"ix":3},"r":{"a":0,"k":0,"ix":6},"o":{"a":0,"k":100,"ix":7},"sk":{"a":0,"k":0,"ix":4},"sa":{"a":0,"k":0,"ix":5},"nm":"Transform"}],"nm":"Group 6","np":2,"cix":2,"bm":0,"ix":6,"mn":"ADBE Vector Group","hd":false},{"ty":"gr","it":[{"ind":0,"ty":"sh","ix":1,"ks":{"a":0,"k":{"i":[[0,-17.673],[0,0],[17.672,0],[0,0],[0,17.672],[0,0],[-17.672,0],[0,0]],"o":[[0,0],[0,17.672],[0,0],[-17.672,0],[0,0],[0,-17.672],[0,0],[17.672,0]],"v":[[305.198,-188.219],[305.198,188.219],[273.183,220.233],[-273.184,220.233],[-305.198,188.219],[-305.198,-188.219],[-273.184,-220.233],[273.183,-220.233]],"c":true},"ix":2},"nm":"Path 1","mn":"ADBE Vector Shape - Group","hd":false},{"ty":"fl","c":{"a":0,"k":[0.991999966491,0.651000019148,0.517999985639,1],"ix":4},"o":{"a":0,"k":100,"ix":5},"r":1,"bm":0,"nm":"Fill 1","mn":"ADBE Vector Graphic - Fill","hd":false},{"ty":"tr","p":{"a":0,"k":[305.448,220.483],"ix":2},"a":{"a":0,"k":[0,0],"ix":1},"s":{"a":0,"k":[100,100],"ix":3},"r":{"a":0,"k":0,"ix":6},"o":{"a":0,"k":100,"ix":7},"sk":{"a":0,"k":0,"ix":4},"sa":{"a":0,"k":0,"ix":5},"nm":"Transform"}],"nm":"Group 7","np":2,"cix":2,"bm":0,"ix":7,"mn":"ADBE Vector Group","hd":false}],"ip":0,"op":240,"st":0,"bm":0},{"ddd":0,"ind":4,"ty":4,"nm":"Layer 2 Outlines","sr":1,"ks":{"o":{"a":0,"k":100,"ix":11},"r":{"a":0,"k":0,"ix":10},"p":{"a":0,"k":[999.563,999.678,0],"ix":2},"a":{"a":0,"k":[339.566,272.679,0],"ix":1},"s":{"a":0,"k":[100,100,100],"ix":6}},"ao":0,"shapes":[{"ty":"gr","it":[{"ind":0,"ty":"sh","ix":1,"ks":{"a":0,"k":{"i":[[-3.426,-17.336],[0,0],[17.335,-3.425],[0,0],[3.425,17.336],[0,0],[-17.335,3.426],[0,0]],"o":[[0,0],[3.426,17.336],[0,0],[-17.336,3.426],[0,0],[-3.426,-17.336],[0,0],[17.337,-3.425]],"v":[[262.929,-243.803],[335.89,125.496],[310.689,163.107],[-225.32,269.003],[-262.93,243.802],[-335.89,-125.497],[-310.689,-163.108],[225.318,-269.004]],"c":true},"ix":2},"nm":"Path 1","mn":"ADBE Vector Shape - Group","hd":false},{"ty":"fl","c":{"a":0,"k":[0.936999990426,0.426999978458,0.4,1],"ix":4},"o":{"a":0,"k":100,"ix":5},"r":1,"bm":0,"nm":"Fill 1","mn":"ADBE Vector Graphic - Fill","hd":false},{"ty":"tr","p":{"a":0,"k":[339.566,272.679],"ix":2},"a":{"a":0,"k":[0,0],"ix":1},"s":{"a":0,"k":[100,100],"ix":3},"r":{"a":0,"k":0,"ix":6},"o":{"a":0,"k":100,"ix":7},"sk":{"a":0,"k":0,"ix":4},"sa":{"a":0,"k":0,"ix":5},"nm":"Transform"}],"nm":"Group 1","np":2,"cix":2,"bm":0,"ix":1,"mn":"ADBE Vector Group","hd":false}],"ip":0,"op":240,"st":0,"bm":0}]}],"layers":[{"ddd":0,"ind":1,"ty":0,"nm":"Pre-comp 4","refId":"comp_0","sr":1,"ks":{"o":{"a":0,"k":100,"ix":11},"r":{"a":0,"k":0,"ix":10},"p":{"a":0,"k":[996,1216,0],"ix":2},"a":{"a":0,"k":[1000,1000,0],"ix":1},"s":{"a":0,"k":[203,203,100],"ix":6}},"ao":0,"w":2000,"h":2000,"ip":0,"op":240,"st":0,"bm":0}],"markers":[]}